date_week,performance_media,promo_event,observed_sales,true_base_sales,estimated_base_q05,estimated_base_q50,estimated_base_q95,observed_sales_scaled,true_base_sales_scaled
2018-01-01,261.07715838531124,0.0,2010.4536784623378,1776.1793996925771,0.8084536901904665,0.8230459337258674,0.8373784014348375,0.8927240616116757,0.7886966533132435
2018-01-08,300.9679847231996,0.0,2030.8743143997303,1780.2987783711415,0.8101358167723118,0.82377788249494,0.8377332897217772,0.9017916632430972,0.7905258267503839
2018-01-15,304.959406386678,0.0,2097.7099242910012,1784.4181570497058,0.8121549976291838,0.8248307864702658,0.8379313439859912,0.9314694209361086,0.7923550001875241
2018-01-22,216.90402909320417,0.0,2008.7562568937376,1788.53753572827,0.8138551082900123,0.8262561861398087,0.8386325713398287,0.8919703366722646,0.7941841736246645
2018-01-29,170.3757944299494,0.0,1992.4764435483064,1792.6569144068344,0.8157202407444152,0.827516188373345,0.8394363482637951,0.8847414304568629,0.7960133470618049
2018-02-05,236.48646373211662,0.0,2104.9613750408294,1796.4404431283797,0.8177467181836713,0.8291657839706882,0.8402177868068459,0.934689363099071,0.797693389314808
2018-02-12,186.33668049523504,0.0,2033.6079418407244,1799.9720843821606,0.8194018805526614,0.8307972281897871,0.8411843457938433,0.9030055061772571,0.7992615831797083
2018-02-19,183.2261254667082,0.0,2035.6724624255712,1803.5037256359415,0.8216759788487288,0.8324451805474058,0.8429962064421475,0.9039222381674191,0.8008297770446084
2018-02-26,278.9272282453605,0.0,2018.6998313158558,1807.0353668897221,0.82409898734821,0.8342133379433981,0.8445161640965418,0.8963856923903035,0.8023979709095085
2018-03-05,160.53678314164006,0.0,2024.4922181913805,1808.69155253615,0.8258860978690595,0.8360932661263112,0.8463771257749132,0.898957750226473,0.8031333854047049
2018-03-12,152.38164090492782,0.0,1973.5818560525183,1808.9411464770635,0.8272596743610583,0.8379981333076807,0.8479034486384162,0.8763514570531394,0.8032442153726236
2018-03-19,116.39609404535524,0.0,2040.7901634926748,1809.1907404179767,0.8292582829691837,0.8396141528858889,0.849763303844651,0.9061947077754896,0.8033550453405421
2018-03-26,81.95803086533165,0.0,2003.502590255044,1809.4403343588901,0.8312429080176721,0.8414490819622449,0.8510411169486964,0.8896374927623091,0.8034658753084607
2018-04-02,97.99093569932387,0.0,1971.7153643870397,1811.3291963138668,0.8334496871833411,0.8432538269911258,0.8526639408948941,0.8755226580420402,0.8043046076475019
2018-04-09,196.03318547751516,0.0,2086.6532469584754,1823.0536663532225,0.8356442569768986,0.8451054337878983,0.8542778316810802,0.9265598017780231,0.8095107542132777
2018-04-16,90.81099157938577,0.0,1995.163744228901,1834.7781363925785,0.8369325968555366,0.8470136202396753,0.8561650284637599,0.885934702405405,0.8147169007790536
2018-04-23,120.2261257592603,0.0,2000.184391814029,1846.5026064319345,0.8391870377570906,0.8486274665807958,0.857866046628334,0.8881640762786416,0.8199230473448296
2018-04-30,91.11226698091093,0.0,2039.2797208601205,1858.2270764712903,0.8409859172901988,0.8502965981562463,0.8598216139803928,0.9055240091683988,0.8251291939106054
2018-05-07,49.66503161417457,1.0,2083.1541755447,1865.282614007796,0.8422073191798044,0.8519441488097462,0.8610203708722108,0.9250060702606853,0.8282621425549433
2018-05-14,172.3424526911692,0.0,2042.1446184596155,1871.55999612716,0.8432772146293176,0.8533885929380813,0.8629741235217171,0.9067961414480535,0.8310495582123751
2018-05-21,94.55688435123622,0.0,2014.6154754864117,1877.837378246524,0.8441340045229191,0.8550686390624174,0.864693662680941,0.8945720705375895,0.8338369738698068
2018-05-28,95.1847238502564,0.0,2123.8429799568976,1884.1147603658878,0.8452500448918016,0.8564570125673714,0.8657866718375847,0.9430735717038231,0.8366243895272385
2018-06-04,238.84475825509307,0.0,2141.683545561573,1887.5831798993315,0.8461640050275872,0.8576650856190242,0.8672621191185049,0.9509955160682595,0.8381645103499362
2018-06-11,237.0942309658505,0.0,2105.6012776247603,1887.3063159848816,0.8471385187970027,0.8585286835940023,0.8688387913897608,0.9349735061459278,0.8380415713929887
2018-06-18,120.76981335927908,0.0,2098.1149344137966,1887.029452070432,0.848248564789953,0.8595354702955118,0.8702685217208481,0.9316492620762896,0.8379186324360414
2018-06-25,184.66091561480326,0.0,2092.257379240423,1886.7525881559823,0.8491314043112091,0.8603038288674083,0.8711756223100826,0.9290482668374994,0.837795693479094
2018-07-02,173.63326432055473,0.0,2078.2591189883788,1886.649352718901,0.8505004059350011,0.8610301146006347,0.8721968306840868,0.9228324639659506,0.8377498527021187
2018-07-09,501.28660500687613,0.0,2240.9305802735703,1887.5878881460294,0.8509610530903541,0.8616720257384686,0.8726184584555965,0.9950652784707307,0.8381666010049761
2018-07-16,106.59661369183522,0.0,2068.319865714594,1888.5264235731577,0.8518280723438514,0.8621672595776484,0.8731890032856242,0.9184190270153682,0.8385833493078334
2018-07-23,339.7065491347452,0.0,2078.713395375641,1889.4649590002862,0.8521508762897014,0.8624152330295245,0.8735089605952232,0.9230341813523673,0.8390000976106908
2018-07-30,453.22509904493603,0.0,2218.9722277870374,1890.403494427415,0.852512683881251,0.8627010404352714,0.8738343738691643,0.9853148674923135,0.8394168459135483
2018-08-06,242.33643522141097,0.0,2031.8761121078542,1891.2427896092245,0.8530596151438785,0.8628684348601663,0.8742431822316638,0.9022365025987562,0.8397895274687728
2018-08-13,173.82257060102086,0.0,1983.232823449635,1892.042388692907,0.8528868395332426,0.8628302501343303,0.874125127410385,0.8806368832261141,0.8401445823249444
2018-08-20,207.41464198734877,0.0,2009.5270318349058,1892.8419877765893,0.8526787576922806,0.8628865414649316,0.8740545887880626,0.8923125924245057,0.8404996371811159
2018-08-27,221.86728995724107,0.0,2018.1712067341684,1893.641586860272,0.8528146196160863,0.8628414442791688,0.8738847105241888,0.8961509613498985,0.8408546920372875
2018-09-03,217.57911892561572,0.0,1967.3161174457505,1892.1154475877229,0.8526396025173335,0.8627592701602216,0.8738768859427757,0.8735692115938414,0.840177023476917
2018-09-10,150.35727671255464,0.0,1962.876421641622,1884.7749624245962,0.8530381992635286,0.8630362110066223,0.8733826395652683,0.8715978041881194,0.836917546375192
2018-09-17,208.57000966468428,0.0,1999.840319548934,1877.4344772614695,0.8529808747121697,0.8631262373664469,0.8731922445252198,0.888011294051787,0.8336580692734671
2018-09-24,259.8468661309402,0.0,1938.6949762397219,1870.0939920983428,0.8535108295880709,0.8631015094182877,0.8730662001710487,0.8608602485875665,0.8303985921717421
2018-10-01,69.07181875437624,0.0,1933.331801983947,1862.753506935216,0.8535164078537484,0.8634058629235557,0.8729395500498959,0.8584787787949332,0.827139115070017
2018-10-08,157.7703248781149,0.0,1941.0364989753427,1868.1931801348012,0.8536593363056715,0.8632518735825953,0.8732600131975908,0.8618999809172854,0.8295545535377603
2018-10-15,155.5638558838431,0.0,1979.1799146189276,1873.6328533343863,0.8533988586085515,0.8632452843001386,0.8732468902274165,0.878837225133291,0.8319699920055036
2018-10-22,170.35269695864235,0.0,1912.1812651146904,1879.0725265339718,0.8532981265578136,0.8634545409411203,0.8731791959757332,0.8490870711512976,0.834385430473247
2018-10-29,64.23769053494574,0.0,1913.0745164719517,1884.512199733557,0.8531555892129052,0.8635095402151923,0.8732554942856012,0.8494837114659872,0.8368008689409903
2018-11-05,124.50264818287037,0.0,1909.6535032963247,1892.557013445328,0.8528748540446252,0.8636756928001706,0.8735198526226652,0.8479646410145315,0.8403730968657711
2018-11-12,56.09633756965439,0.0,1939.0833017721686,1902.5556825412384,0.853601461288395,0.863921237530008,0.8738621362704081,0.8610326810839066,0.84481291688333
2018-11-19,265.5378546351766,0.0,2078.6272486466123,1912.554351637149,0.8539154479984806,0.8643974438241655,0.8742962083002821,0.9229959286641024,0.8492527369008892
2018-11-26,331.93578928421573,0.0,2123.762044506112,1922.5530207330594,0.8537996730692048,0.8646939953143464,0.8745293900171645,0.9430376330372785,0.8536925569184483
2018-12-03,218.36024804660934,0.0,2074.062299526387,1927.40563241515,0.8543545830480191,0.8650663938072292,0.8747271396238109,0.9209689036382013,0.8558473159445669
2018-12-10,124.51872338232599,0.0,2015.1955802845396,1919.3931005626907,0.8549229696750807,0.8654286996120559,0.8751876734772294,0.8948296609098986,0.8522894224920845
2018-12-17,271.1395779663105,0.0,2218.756393275201,1911.3805687102317,0.8559293175131738,0.8660514354140157,0.8756492823112728,0.9852190280983961,0.8487315290396021
2018-12-24,174.85331474070156,0.0,1995.41085466343,1903.3680368577725,0.856375485600186,0.8664615350592867,0.8763841232059145,0.8860444295944184,0.8451736355871198
2018-12-31,245.18912571114313,0.0,2141.5533423314378,1895.3555050053133,0.8565715312702636,0.86694106467226,0.8771619952558639,0.9509377004828091,0.8416157421346373
2019-01-07,269.62529584779844,0.0,2143.6494519707257,1892.9241427604813,0.8567989927359991,0.8675231849995448,0.8778065524845282,0.9518684593114333,0.8405361173704817
2019-01-14,163.2051756871149,0.0,2140.882191272994,1891.422975450254,0.857533463054548,0.8678304487910097,0.878236934246547,0.9506396818289762,0.839869537387714
2019-01-21,272.7354692610135,0.0,2115.9197559524996,1889.9218081400268,0.8582175212784631,0.8682546588068762,0.8786854588535749,0.9395553346063759,0.8392029574049462
2019-01-28,201.03587711562483,0.0,2097.9724577237725,1888.4206408297996,0.8588699052472524,0.8686497390071272,0.8788826368441142,0.9315859965702171,0.8385363774221786
2019-02-04,150.26412328159367,1.0,2200.2380619701744,1889.7919661518913,0.8592417434654934,0.8689983316614007,0.879131083175588,0.9769961279072622,0.8391453022257905
2019-02-11,172.06980741274754,0.0,2157.0073873089405,1894.9932816504083,0.8590981417015754,0.8692775187724443,0.8796137871829292,0.9577999316042929,0.8414549000779088
2019-02-18,435.49087977284375,0.0,2230.575281445776,1900.1945971489254,0.8595238821031369,0.8693603776900871,0.8799755905040784,0.9904671001949588,0.8437644979300271
2019-02-25,207.5487417360318,0.0,2118.473433154611,1905.3959126474424,0.8591573511538073,0.8693553594958375,0.8805083564590676,0.940689272238631,0.8460740957821453
2019-03-04,160.37534209769,0.0,2102.9543510226727,1905.3888469490207,0.8585847545699911,0.8695910923361068,0.8804632758318441,0.9337981619475919,0.8460709583216504
2019-03-11,166.37518065115475,0.0,2065.857956454361,1898.4372729880142,0.8584794927617563,0.8696773225999361,0.8802859653787564,0.9173258381209115,0.8429841737776712
2019-03-18,105.1538830854609,0.0,2020.2779154177365,1891.4856990270077,0.8579524084058299,0.8694778784237224,0.8798690304539878,0.8970864265897969,0.839897389233692
2019-03-25,202.67059806213405,0.0,2130.5364687477536,1884.534125066001,0.8575248106348503,0.8691957051389458,0.8791590548194441,0.9460457558251182,0.8368106046897127
2019-04-01,244.46569553813603,0.0,2111.1599972874483,1877.5825511049945,0.8570336828200241,0.8687116754635116,0.8789484577996204,0.9374418061360229,0.8337238201457334
2019-04-08,223.4872076165827,0.0,2161.9718263253367,1879.0817375281638,0.8567890589737508,0.8684468608111826,0.8786372681422359,0.9600043465628759,0.8343895205332342
2019-04-15,105.77700587960973,0.0,2074.65635208534,1880.580923951333,0.8566112160883673,0.8679166768734035,0.878292221840593,0.9212326873895609,0.835055220920735
2019-04-22,129.58406148829735,0.0,2065.5506502715834,1882.0801103745018,0.8558732378862988,0.8675433319921937,0.8780870915210613,0.9171893815456685,0.8357209213082356
2019-04-29,147.02324046267023,0.0,2105.982600401942,1883.579296797671,0.8552880081984688,0.8669965336219438,0.8772005417485707,0.9351428291311212,0.8363866216957364
2019-05-06,169.34079192468272,0.0,2104.5586551376778,1882.0314090171828,0.8547585260700984,0.8664927500114636,0.8767747316621296,0.9345105389105384,0.835699295903991
2019-05-13,159.5051540802446,0.0,2053.4637137084956,1879.2646915552318,0.8544057003971071,0.8661585205829353,0.8764103951096522,0.9118222849462108,0.8344707596405472
2019-05-20,176.5701801484656,0.0,2069.7828799943527,1876.4979740932804,0.8540644514615174,0.8657212293627978,0.8765245383770488,0.9190686654845424,0.8332422233771033
2019-05-27,70.70641479066816,0.0,2060.2622212402107,1873.7312566313294,0.8537536740821842,0.8652438931155687,0.8761177354384553,0.9148411017046512,0.8320136871136595
2019-06-03,70.7887796751848,0.0,2094.6694120461057,1873.724735733464,0.853117901607689,0.864617662589531,0.8756628111998621,0.9301193085362451,0.8320107915670025
2019-06-10,396.9411336879635,0.0,2181.677563031953,1880.6187062458143,0.8526096627293221,0.8639496492774041,0.8752111513776549,0.9687545035539267,0.8350719978123131
2019-06-17,185.5643688592306,0.0,2116.4086541865227,1887.5126767581646,0.8521846755934059,0.8633046926631822,0.8746851559596094,0.9397724255156903,0.8381332040576237
2019-06-24,259.8029593342834,0.0,2194.953985473006,1894.4066472705147,0.8513136953192798,0.8623979369687613,0.8735925843753133,0.974649780770318,0.8411944103029341
2019-07-01,131.46673114727122,0.0,2072.377340365175,1901.3006177828647,0.8506591991699262,0.8616048806278529,0.8724010001034509,0.9202207125198675,0.8442556165482445
2019-07-08,424.38582056507875,0.0,2242.5992941949153,1897.4344542947017,0.849768494822832,0.8607268670965591,0.8714978038635115,0.9958062560348944,0.8425388810626265
2019-07-15,349.03537708510316,0.0,2076.62098392814,1893.5682908065392,0.848939917123658,0.8598770485244925,0.8705637467311679,0.92210506467289,0.8408221455770086
2019-07-22,369.6340831776573,0.0,2174.576210644412,1889.7021273183761,0.8481463774252557,0.8591809483670088,0.8698649919803759,0.9656012112327677,0.8391054100913906
2019-07-29,259.008810801689,0.0,2110.8161432379334,1885.8359638302136,0.8475178651917691,0.8584164438988036,0.8691240226684434,0.9372891208058544,0.8373886746057727
2019-08-05,183.99265321165743,0.0,2041.6768449991039,1881.8136308387488,0.8467801155187392,0.857840134249066,0.8681844942843968,0.9065884308063932,0.8356025934422209
2019-08-12,304.5783786725752,0.0,2023.211944459729,1877.6741707198073,0.8461229163505168,0.857372689748791,0.8676259044184185,0.8983892560711791,0.8337645030202185
2019-08-19,210.3539274907722,0.0,1948.7107203963549,1873.534710600866,0.8456029748738914,0.8567975071325005,0.8667575326197619,0.8653076506338606,0.8319264125982163
2019-08-26,173.63437482046464,0.0,1937.5687046968492,1869.3952504819247,0.8450486191698953,0.8562840970502001,0.8660460961710222,0.8603601377334831,0.830088322176214
2019-09-02,154.73434121500463,0.0,1953.4033833633096,1866.566519249434,0.8448394053533883,0.8557112031659464,0.8654341103025144,0.8673913858566679,0.8288322492499239
2019-09-09,302.7733298043088,0.0,1970.651523745804,1871.602161335647,0.8441633123991681,0.855596901802534,0.8652036527841479,0.8750502690741542,0.8310682812979068
2019-09-16,296.5578579471536,0.0,2008.752596644114,1876.63780342186,0.8440608834210953,0.8553280112221258,0.8646611003365333,0.8919687113709976,0.8333043133458896
2019-09-23,193.35965043009304,0.0,1901.0902996179911,1881.6734455080734,0.843986558253184,0.8550846172382345,0.8642534369403382,0.8441622266390971,0.8355403453938726
2019-09-30,335.10542338603204,0.0,1946.7027987924387,1886.7090875942865,0.8438054048068985,0.8547413875991241,0.8639136540440742,0.864416050917414,0.8377763774418555
2019-10-07,113.15035416278616,0.0,1976.7280691657452,1886.77774472574,0.8434827658506342,0.8546596653037326,0.8636777346669808,0.8777485049827809,0.8378068640299855
2019-10-14,242.72696169056363,0.0,2031.0367031309677,1886.0185710313997,0.8434839183926547,0.8545614224289342,0.8638696791234832,0.9018637705138407,0.8374697597081399
2019-10-21,56.966751043239434,0.0,1884.4607152692627,1885.25939733706,0.8435413681373909,0.8544380279499052,0.8637452510527446,0.8367780077228646,0.8371326553862943
2019-10-28,185.6674580850689,0.0,1953.2315317650189,1884.50022364272,0.8438842841984338,0.854516415154583,0.8638380882032252,0.8673150766840348,0.8367955510644488
2019-11-04,302.138580007011,0.0,2036.5274797394238,1880.7654851239654,0.8436291936352168,0.8542875445034359,0.8640646093859214,0.9043019009954404,0.8351371736667312
2019-11-11,153.95221268248707,0.0,1974.3546058209347,1873.063326839325,0.8432338698714281,0.8541772594421897,0.8640655122322669,0.8766945897098429,0.8317170988345177
2019-11-18,23.935640632597455,0.0,1868.8546147659133,1865.3611685546846,0.8426312424881749,0.853931573584481,0.8635206742292986,0.829848257698519,0.8282970240023041
2019-11-25,320.5134248767344,0.0,2074.6359885567144,1857.6590102700443,0.8422546444976027,0.8534059634128535,0.8632169746459242,0.9212236451459229,0.8248769491700906
2019-12-02,149.54787863499968,0.0,1973.2478813855482,1850.8164442083614,0.8422859197837196,0.8530160934276798,0.8631345162680654,0.8762031585748572,0.8218385686135669
2019-12-09,98.27265749771507,0.0,2014.90076818527,1849.1314314844262,0.841477755590165,0.8526782249158636,0.8625685269448798,0.8946987522212321,0.8210903537111826
2019-12-16,145.44517864412816,0.0,2046.0716796683255,1847.4464187604908,0.8414471976256991,0.8523118926365236,0.8623979830766128,0.9085399180244523,0.8203421388087981
2019-12-23,135.80933559140593,1.0,2124.6910321212877,1845.7614060365556,0.841029652328242,0.8518014963147749,0.8619272277948169,0.9434501417192197,0.819593923906414
2019-12-30,143.06457773029962,0.0,2014.725665202486,1844.0763933126202,0.840066237075957,0.8511588567389208,0.8617397116052692,0.8946209993002541,0.8188457090040295
2020-01-06,249.2868455904662,0.0,2128.2573326104894,1843.7462963733353,0.839185917466595,0.8503854694829336,0.8611289278768165,0.9450337257091194,0.8186991323962117
2020-01-13,243.98634695531496,0.0,2089.4013961905275,1843.958165747911,0.8379661280759909,0.8497698429968816,0.860522015772628,0.9277800929842492,0.8187932111062205
2020-01-20,143.56502597477606,0.0,2062.047512242449,1844.1700351224865,0.837372030333959,0.8491374499746033,0.8597469977027743,0.9156338442839759,0.8188872898162294
2020-01-27,247.07842408037308,0.0,2070.7008999832647,1844.3819044970621,0.8368218994158764,0.8482209497822413,0.8590016172981949,0.9194763040896601,0.8189813685262382
2020-02-03,493.3132417013237,0.0,2223.8736634465263,1845.2337185123663,0.8363082720680449,0.847450634588035,0.8582698903293815,0.9874913063710316,0.8193596089580504
2020-02-10,147.71810824567223,0.0,2065.4958526976275,1847.6853941294928,0.8357207250721104,0.8469475637412927,0.8576358409602594,0.9171650491706864,0.8204482536943716
2020-02-17,169.59556344862483,0.0,2127.586382959336,1850.1370697466193,0.8350683658880288,0.8464847948135532,0.856943760275474,0.944735796488401,0.8215368984306927
2020-02-24,338.19112138078003,0.0,2079.5222930406403,1852.5887453637458,0.8344748255715904,0.8457491907582328,0.8564550669919673,0.9233933651608093,0.8226255431670139
2020-03-02,149.15954099460285,0.0,1963.1931993496828,1853.3162279995347,0.834050686853901,0.8451733587603463,0.8557969341383055,0.8717384665098618,0.8229485753563802
2020-03-09,391.9723630425902,0.0,2184.968172111223,1843.6985527472973,0.8339462981186281,0.8451805256660359,0.8554009678027854,0.970215669227074,0.818677932264018
2020-03-16,86.37537053989767,0.0,1958.3189742027484,1834.0808774950601,0.8332414353754665,0.8450220471678276,0.85511777885829,0.8695741102170527,0.8144072891716558
2020-03-23,158.9062958261029,0.0,2016.9324415673943,1824.4632022428232,0.8335590243675192,0.8452289409989422,0.8552931559447063,0.895600898703386,0.8101366460792938
2020-03-30,326.29368632656497,0.0,2067.9698855077813,1814.845526990586,0.8335732132156813,0.8453833657780091,0.8556483184914164,0.9182636214195782,0.8058660029869316
2020-04-06,399.325454671421,0.0,2146.9465638578745,1819.9778243488165,0.8338648256601583,0.8455896445069098,0.8561421031503711,0.9533325124985401,0.8081449539481608
2020-04-13,178.57331349725948,0.0,2004.1900128150737,1831.010110751234,0.8343127798928338,0.846205732655877,0.8562513485723839,0.8899427366315946,0.8130437425308263
2020-04-20,565.8893361621308,0.0,2193.4715665584017,1842.0423971536516,0.8354442973825904,0.846808520627945,0.8565679057623459,0.9739915258457541,0.817942531113492
2020-04-27,91.16224851200636,0.0,2016.6610951986775,1853.0746835560692,0.8365675959786454,0.8475794128355524,0.8568328407016884,0.8954804097635116,0.8228413196961577
2020-05-04,55.83478118126047,0.0,1978.0951772199305,1859.1601413471722,0.8372497394664635,0.848402544684701,0.858026893147758,0.8783555571461154,0.8255435130638731
2020-05-11,172.2541555883012,0.0,2142.518381407493,1858.6498276565223,0.8383223760635018,0.8489982880621416,0.8589163961073664,0.9513662174950732,0.8253169128116546
2020-05-18,98.01012989543237,0.0,2116.999403809896,1858.1395139658725,0.839495556280249,0.8495596784530499,0.8597745796434718,0.940034742627904,0.8250903125594363
2020-05-25,588.9349949474082,0.0,2247.0999512556928,1857.6292002752227,0.8406396598855924,0.8505139383854365,0.8602889497780113,0.9978047327440377,0.8248637123072179
2020-06-01,115.1744039400058,0.0,2078.4424590725257,1857.118886584573,0.8412838886726388,0.851269578226543,0.8613239358839977,0.9229138744984734,0.8246371120549996
2020-06-08,179.54794019154966,0.0,2076.0880004897526,1860.27746172376,0.8420611141097719,0.8520569444236192,0.8620027743900454,0.9218683981209638,0.8260396492322388
2020-06-15,92.53852726691098,0.0,2029.0955573056474,1863.4360368629473,0.8425483577454957,0.8528743752403252,0.8625938380238569,0.901001821987533,0.8274421864094781
2020-06-22,123.48489717406456,0.0,2033.2955612472642,1866.5946120021342,0.8427236478387605,0.8534688709157974,0.8632314340069455,0.902866796355116,0.8288447235867172
2020-06-29,129.09574866507916,0.0,2021.1193024965028,1869.7531871413216,0.8435236109945028,0.85411409493001,0.8639229019471478,0.8974600370332458,0.8302472607639565
2020-07-06,142.25331757900054,0.0,2049.044546413267,1871.0649491119898,0.8438792372357742,0.8547013000654606,0.864193047508776,0.909859993042149,0.8308297369915204
2020-07-13,132.40421143679708,0.0,2046.5751108888983,1871.6379858152507,0.8438644023582417,0.8552756750687727,0.8646723822286487,0.9087634621770914,0.8310841888392142
2020-07-20,230.8534773674741,0.0,2073.4985078664313,1872.2110225185113,0.8441764131921508,0.8556834655385613,0.8645787329390024,0.9207185569697004,0.831338640686908
2020-07-27,123.01445887389917,0.0,2025.0654035256905,1872.7840592217722,0.8444153952677519,0.855931395359273,0.8651425423612894,0.8992122680724612,0.8315930925346018
2020-08-03,116.16522172366888,0.0,1943.556171186212,1874.6802167442486,0.8446511007537556,0.8562087421867808,0.8653284268461875,0.8630188189358453,0.832435064405456
2020-08-10,163.7703060255888,0.0,1938.7643681489405,1879.8841763147636,0.844806771563533,0.8562740909372272,0.8658095952822201,0.8608910614472232,0.8347458363342111
2020-08-17,142.64523651071622,0.0,1964.557565694961,1885.0881358852787,0.8449070518981904,0.8564427976534821,0.8660268673525309,0.872344301241759,0.8370566082629661
2020-08-24,239.38367059813822,0.0,2045.5437334938915,1890.292095455794,0.8454612423344763,0.8561989158503431,0.8658075382100031,0.9083054882247499,0.8393673801917213
2020-08-31,129.95020855294845,0.0,1931.347243146318,1895.496055026309,0.8452596303279011,0.8560131008227156,0.8655600450186053,0.8575975531069132,0.8416781521204764
2020-09-07,386.189601766285,0.0,2089.9701810569845,1892.180337322895,0.8445565645032939,0.8557316631424012,0.8653898631145566,0.9280326568416544,0.8402058371862604
2020-09-14,103.07874124554466,0.0,1852.865461286834,1887.4446734071596,0.8442970147910658,0.8550884524677654,0.8648910265610082,0.8227484164097144,0.8381030077748828
2020-09-21,199.3085333366391,0.0,1948.393738782789,1882.7090094914238,0.8437687557011148,0.8544707199807616,0.8640347527351389,0.8651668977696935,0.8360001783635048
2020-09-28,310.8994870909394,0.0,1990.5031804826654,1877.9733455756882,0.8430161264168201,0.8534282709134912,0.863216439177495,0.8838652205558546,0.833897348952127
2020-10-05,287.58096950014016,0.0,1947.5692429187084,1871.3981218878932,0.8413715387128072,0.8523883921035436,0.8620258346030812,0.8648007877197833,0.8309776793972119
2020-10-12,220.87435513283066,0.0,1975.7495430763126,1863.4432283710537,0.8397799568041004,0.8509477279265498,0.8610287904373056,0.8773139991822696,0.8274453797346437
2020-10-19,136.55017452369896,0.0,1894.1780661681425,1855.4883348542141,0.8379690025725501,0.8495148493564249,0.8592446782910927,0.8410929108989422,0.8239130800720755
2020-10-26,29.046209137786423,0.0,1879.2317527285938,1847.533441337375,0.8360432041369086,0.8476198448132357,0.8572099028181528,0.834456133447755,0.8203807804095077
2020-11-02,137.86953776106108,0.0,1986.5770127422081,1839.6354806109111,0.8343086940250523,0.8453695532170576,0.855124850056784,0.8821218407160811,0.8168737612457679
2020-11-09,56.778561739569454,0.0,1924.87601094839,1832.0791166267006,0.832340162583379,0.8431875301887088,0.852873140672949,0.8547240600474835,0.8135184250749988
2020-11-16,208.73275132557524,0.0,1918.9383757244402,1824.5227526424903,0.8301461108436208,0.8407816095628624,0.850568059936336,0.852087505974998,0.8101630889042297
2020-11-23,328.0807493987617,0.0,2021.5116509711468,1816.96638865828,0.8277417680632584,0.8382782490823198,0.8483424939502748,0.8976342558812619,0.8068077527334607
2020-11-30,208.83292704591028,0.0,2002.1398835472544,1809.4100246740695,0.8249826533170529,0.8356938414071536,0.8458602569274589,0.8890323949776668,0.8034524165626915
2020-12-07,165.64379928506662,0.0,1992.3266214849318,1804.817499853014,0.8226732432290627,0.8328752711404331,0.8431403814496969,0.8846749033031326,0.8014131467922778
2020-12-14,123.01934569578358,0.0,1967.3961658936034,1800.7189482258175,0.8199193946319989,0.8300815211220974,0.840731314651395,0.8736047563946286,0.7995932214219235
2020-12-21,150.08617814625114,0.0,1967.5847293124914,1796.6203965986208,0.8175498104100347,0.8273440958570863,0.8384326310863225,0.8736884863024522,0.7977732960515689
2020-12-28,245.35543257578183,0.0,2009.857282508871,1792.5218449714241,0.8147458046297663,0.8246849792943962,0.8358626662432727,0.8924592372968401,0.7959533706812144
2021-01-04,620.5118718983684,0.0,2168.4593846642,1784.9018036490454,0.8121652528331489,0.8219220099063685,0.8329551651541879,0.9628850890998751,0.7925697591552002
2021-01-11,185.80015521990777,0.0,2069.1048572621103,1772.5864427330896,0.8095217898424867,0.8194570885947997,0.8300595852517272,0.9187675955251213,0.7871012327549728
2021-01-18,294.1875024318254,0.0,2027.0687768300998,1760.271081817134,0.806926150402417,0.8171134118706895,0.8274174418155842,0.9001018481569945,0.7816327063547454
2021-01-25,261.856382716264,0.0,2039.6836342669583,1747.9557209011787,0.8048977612529724,0.8147779505516695,0.825240941068682,0.9057033633216203,0.7761641799545181
2021-02-01,142.9989963441966,0.0,1999.904819300108,1735.640359985223,0.8022985032966676,0.8124087777625205,0.8223875045119335,0.8880399345922072,0.7706956535542907
2021-02-08,313.4679358401454,0.0,1987.1534683608772,1731.3565072929648,0.8001961957598804,0.8104071274157727,0.8202612622372946,0.8823778107027315,0.7687934468952923
2021-02-15,246.9058444575624,0.0,1969.0166662693337,1727.0726546007065,0.7978668718001869,0.8085378243765993,0.8184912297796493,0.8743243251629933,0.7668912402362938
2021-02-22,110.57514395781953,0.0,1941.5246530345946,1722.7888019084482,0.79614262915723,0.8066646095107624,0.8168981270430796,0.8621167413824162,0.7649890335772954
2021-03-01,328.59210026231347,0.0,2005.3464740621857,1718.50494921619,0.7946909112945355,0.8051830639613999,0.815395590564273,0.8904562529551381,0.7630868269182971
2021-03-08,131.76855273517666,1.0,1993.6118776866933,1720.4861317669445,0.7937561034489018,0.8037548967002908,0.8140340276413138,0.8852456098799316,0.7639665533961816
2021-03-15,282.0054175630841,0.0,1994.2415805781254,1722.4673143176985,0.792631057960429,0.8027050318028656,0.8122540889477364,0.8855252238441179,0.764846279874066
2021-03-22,189.11121996121707,0.0,1941.5222421152096,1724.448496868453,0.7910954246647788,0.8014516551482935,0.8115828263314275,0.8621156708351221,0.7657260063519505
2021-03-29,168.76798912322408,0.0,1939.3054657260147,1726.429679419207,0.7899044352524308,0.8003383776503545,0.8107131409626946,0.8611313310102122,0.7666057328298349
2021-04-05,157.89310739897525,0.0,1978.9066457527358,1723.428793000868,0.7890494201152933,0.799374430105277,0.8096620678013997,0.8787158825255243,0.7652732159255589
2021-04-12,236.84876955762232,0.0,1997.4811297522895,1716.6913548557081,0.7881847882962063,0.7984890011957457,0.8092168562720466,0.8869637168208685,0.7622815164846621
2021-04-19,74.72707138362907,0.0,1852.3858890070467,1709.9539167105484,0.7876596417598133,0.7978887250303015,0.8086157058755983,0.8225354666073714,0.7592898170437654
2021-04-26,125.25174487760134,0.0,1959.7372069215078,1703.2164785653883,0.7869225685248422,0.797237478183725,0.8081811498440221,0.8702038638326495,0.7562981176028687
2021-05-03,279.57698598701427,0.0,1991.481720226844,1699.2468290706402,0.7869743213478329,0.7970014837590225,0.8074895626835511,0.8842997324196343,0.7545354300771174
2021-05-10,119.54543894818076,0.0,1918.3113595857355,1702.196651201921,0.7866981694193416,0.7970001975700409,0.8074015896964313,0.8518090850394465,0.7558452723392297
2021-05-17,197.54537739688126,0.0,1938.1344658031148,1705.1464733332016,0.7868206833785599,0.7972768084863284,0.8071995125281914,0.8606113589170886,0.7571551146013418
2021-05-24,272.2373100701979,0.0,2011.8155971904357,1708.0962954644824,0.7868363635980539,0.7975995297972682,0.806991033861817,0.8933288095009494,0.758464956863454
2021-05-31,100.94196248800448,0.0,1950.725755481355,1711.046117595763,0.7867395606167524,0.7981336529306944,0.8078393490846327,0.866202409028268,0.7597747991255662
2021-06-07,212.9777276982348,0.0,1965.6991333750784,1719.6289627512967,0.7876056127184121,0.7988843144401532,0.8091256711535298,0.8728512042094406,0.7635859351241298
2021-06-14,177.33101450984282,0.0,1976.4896748108272,1729.1506450775396,0.7887776503823417,0.7999223709973486,0.8094347999655321,0.8776426480913401,0.7678139534121019
2021-06-21,392.8905195986006,0.0,2002.8316273399732,1738.6723274037822,0.7903259914774161,0.8012349864440989,0.8109413021249833,0.8893395576518663,0.7720419717000739
2021-06-28,181.34915238412154,0.0,1953.1535821683344,1748.1940097300246,0.7917407072164064,0.8029006164130235,0.8124220830151578,0.8672804638594278,0.7762699899880459
2021-07-05,204.5505926753178,0.0,1945.2330908193749,1756.2184862012882,0.793493576494106,0.8049122053177664,0.8139775931262621,0.8637634401733058,0.7798331873421936
2021-07-12,143.71910333130086,0.0,1903.4393481697923,1763.1200582813174,0.7958216157985195,0.8067835922687867,0.816166825874135,0.8452053007405064,0.7828977689959733
2021-07-19,270.5856875871634,0.0,1990.7925177327543,1770.0216303613463,0.7977749544957256,0.8089095609867603,0.8186890206803741,0.883993698186472,0.7859623506497527
2021-07-26,203.76647786278482,0.0,1973.5230073849657,1776.9232024413755,0.8002925660103245,0.8111536241946069,0.8208950281554622,0.8763253258261031,0.7890269323035324
2021-08-02,431.72729241251216,0.0,2009.4263553584537,1784.186358527301,0.8027750294049477,0.8135025526830152,0.8232508321503381,0.8922678879312215,0.7922520721168038
2021-08-09,207.22141436569711,0.0,1939.0750972245642,1793.6190186486072,0.8058591861805979,0.8161368784159048,0.8257922792220829,0.8610290379275685,0.7964405608870277
2021-08-16,382.4133921170561,0.0,1977.7099236382173,1803.051678769913,0.8086808681152339,0.8188133771643045,0.8283756199968179,0.8781844887221563,0.8006290496572516
2021-08-23,187.77871424809464,0.0,1900.4416051643163,1812.484338891219,0.8113649720926102,0.8216202677656246,0.8314234053195021,0.8438741796407339,0.8048175384274755
2021-08-30,222.9556701014654,0.0,1933.6267970304814,1821.916999012525,0.8139479759029793,0.8242426619470784,0.8341708508271725,0.8586097687197043,0.8090060271976993
2021-09-06,295.88435173762633,0.0,1966.5024607052776,1823.7790548901678,0.8163108853170007,0.8266737228360068,0.8368587261236132,0.8732079145602941,0.8098328565366913
2021-09-13,139.16564321779427,0.0,1851.701949622093,1822.6128690703456,0.8182976245063733,0.8290973138053057,0.8391046529417648,0.822231769410976,0.8093150221031908
2021-09-20,239.31856058685244,0.0,1947.1805510359316,1821.446683250523,0.8203426732086032,0.8313463567903987,0.8409607428035976,0.8646281925488398,0.8087971876696901
2021-09-27,241.31302497027104,0.0,1928.863363500244,1820.2804974307005,0.8222867324696008,0.8333219294476479,0.8431837049108445,0.8564946084581742,0.8082793532361895
2021-10-04,79.0667106833373,0.0,1864.6016354223398,1820.3010319434222,0.823913437271794,0.8352555260118495,0.8451324132946012,0.8279597600752118,0.8082884714037933
2021-10-11,224.98146803135472,0.0,1905.7366062891597,1821.9038602328699,0.8254868413698964,0.8369206066546058,0.8466935488583098,0.846225377761361,0.8090001930395369
2021-10-18,56.425782945854436,0.0,1850.009047572597,1823.5066885223173,0.8269086439221283,0.8381780376518484,0.8477405518195109,0.8214800513237964,0.8097119146752804
2021-10-25,69.9278557324653,0.0,1838.0141631340766,1825.1095168117645,0.8284605083113015,0.8395106269017357,0.8496160239405336,0.8161538296509308,0.8104236363110237
2021-11-01,30.501454902188353,0.0,1800.8016258610298,1826.712345101212,0.8298333540593399,0.8403534538172088,0.8506532839221131,0.7996299336899563,0.811135357946767
2021-11-08,98.17300267931364,0.0,1891.9114194956285,1836.2272226266443,0.8309813935730919,0.8413127687118487,0.8511131784325267,0.8400864266186016,0.8153603546235064
2021-11-15,195.58341056964935,0.0,2003.113871666494,1845.742100152077,0.8318623511890545,0.8421110477426692,0.8514664392522788,0.8894648857329048,0.8195853513002458
2021-11-22,73.76159951738748,0.0,2007.7485921781426,1855.2569776775092,0.8323628914853884,0.8428474895128949,0.8522931398534132,0.891522892124158,0.8238103479769849
2021-11-29,110.23984931738936,0.0,1915.2672576219252,1864.7718552029417,0.8333237175722543,0.8437520119042952,0.8528549149523819,0.8504573786568497,0.8280353446537243
2021-12-06,373.6239809228135,0.0,2088.568054658662,1863.709203482808,0.8340891687360397,0.8446017822039603,0.8531829831381998,0.9274100550942911,0.8275634836156716
2021-12-13,138.7730839477003,0.0,1991.5469215571568,1858.4155400644481,0.8347649125580806,0.8453357260367348,0.8545505881532278,0.8843286844900267,0.8252128794917019
2021-12-20,184.9229536485387,0.0,2048.614222144352,1853.121876646088,0.8357446691625626,0.8461424569849971,0.85552575061867,0.9096689113806955,0.8228622753677322
2021-12-27,471.07399360005763,0.0,2159.2954904149256,1847.828213227728,0.8366352732915688,0.8468392435918914,0.8565173955730147,0.9588159434229405,0.8205116712437626
2022-01-03,383.90777799491775,0.0,2179.6432509952137,1844.7057345197613,0.837864389037842,0.847921780510303,0.8574151398199384,0.9678511854006766,0.8191251623655257
2022-01-10,275.8317038635563,0.0,2069.7916129724026,1847.0112175877787,0.8390675569486861,0.8489491711251229,0.8590460087932257,0.9190725432857164,0.8201488916016211
2022-01-17,242.38661140827492,0.0,2101.102174711059,1849.3167006557956,0.8402206422326227,0.850193771710138,0.860104005283327,0.9329757195419607,0.8211726208377162
2022-01-24,174.10151208085045,0.0,2007.582041172462,1851.622183723813,0.8413418379741892,0.8516619502864509,0.8618715517980273,0.8914489366324948,0.8221963500738116
2022-01-31,208.01170044494359,0.0,2093.8611946407405,1853.92766679183,0.8427798203938095,0.8531504666034826,0.8636230679544628,0.9297604267910389,0.8232200793099069
2022-02-07,185.9099411947944,0.0,2064.380212645819,1853.7201943782775,0.8438517783372235,0.8545782899997802,0.8646996008905379,0.9166696591355831,0.8231279530313047
2022-02-14,235.0683161196429,0.0,2121.0646049878683,1853.09389605113,0.845829104648547,0.8559976361802046,0.8661617258276506,0.9418398590281204,0.8228498508335861
2022-02-21,199.41664885553462,0.0,2069.6948846420987,1852.4675977239824,0.847181588855365,0.8575683705641922,0.8676722802081923,0.9190295919315883,0.8225717486358676
2022-02-28,374.0316795366033,0.0,2175.2778874871224,1851.8412993968348,0.8489118666760376,0.8592201721738407,0.8694498201640478,0.9659127845894053,0.822293646438149
2022-03-07,90.83272931215699,0.0,2061.1065101592535,1858.8820185141337,0.8506672561450477,0.8608086819679085,0.8708837273465957,0.9152160006844466,0.8254200150953315
2022-03-14,86.31855478111854,0.0,2071.8676601281677,1867.2005738721737,0.8519941176109457,0.8622444208297967,0.8720783657118444,0.919994393547101,0.8291137955616642
2022-03-21,167.6997204548572,0.0,2135.2911654732043,1875.5191292302138,0.8535160362410357,0.8638787542331581,0.8736338869062031,0.948157036586246,0.832807576027997
2022-03-28,183.5612571484424,0.0,2131.7658194465744,1883.8376845882538,0.855055264552514,0.864983690465988,0.8749610966157952,0.9465916380609307,0.8365013564943298
2022-04-04,152.01566679593853,0.0,2025.0688627433067,1887.5192143282509,0.8559719229194627,0.8661934438491825,0.8763176120647256,0.8992138041072545,0.8381361070074319
2022-04-11,131.88414844914064,0.0,2049.139006831263,1885.0180432441905,0.8568631462091852,0.8673111882993663,0.8771191089864416,0.9099019373500026,0.8370254842495598
2022-04-18,241.91615306968717,0.0,2103.3987687476697,1882.51687216013,0.8577806575504049,0.8684159293529974,0.8780968605598034,0.9339955016827779,0.8359148614916876
2022-04-25,45.98471462643675,0.0,2024.7564309591794,1880.01570107607,0.8588865059713027,0.8692556512930011,0.8786992769056393,0.8990750715543533,0.8348042387338156
2022-05-02,27.556655255381106,0.0,1949.5537798465853,1879.1383644644225,0.8600783392068894,0.8703552825130791,0.8794527976009824,0.865682003678973,0.8344146652202643
2022-05-09,115.67909525233173,0.0,2111.821769484607,1888.0040346872534,0.861364160526189,0.871216414440924,0.8803317665437799,0.9377356601899801,0.8383513871726391
2022-05-16,117.47939877761044,0.0,2156.009747982134,1896.8697049100845,0.8624141219618673,0.8719067530383138,0.8810755875215115,0.9573569387408455,0.842288109125014
2022-05-23,263.5808282849483,0.0,2128.292428896099,1905.7353751329154,0.8629293825283114,0.8723549967617374,0.8819366828437182,0.9450493099023652,0.8462248310773888
2022-05-30,199.20460101636948,0.0,2172.8906712752932,1914.601045355746,0.863038892387731,0.8728508824198113,0.8828021120074955,0.964852762478277,0.8501615530297634
2022-06-06,188.85852305331602,0.0,2115.0617952287116,1916.6595945199304,0.8628966946494788,0.8729816762339103,0.8832693913973468,0.939174364783371,0.8510756334637297
2022-06-13,253.77904853038322,0.0,2193.7490805874863,1915.995295260656,0.8623631329694919,0.8730353575974166,0.8831575975790993,0.9741147534803187,0.8507806572903325
2022-06-20,402.32427570326615,0.0,2252.043789245216,1915.3309960013817,0.8622285227209701,0.8732652458693502,0.883186096597394,1.0,0.8504856811169355
2022-06-27,126.50990685894708,0.0,2095.1874924594363,1914.6666967421072,0.8620107980141186,0.8729868134839214,0.8835048062454489,0.9303493575325412,0.8501907049435382
2022-07-04,246.67411092343573,0.0,2208.9867176490807,1914.0472253407984,0.8616564901116359,0.8721922982864041,0.8834653320641378,0.9808808905929107,0.8499156341814744
2022-07-11,490.2253525912523,0.0,2242.740882115381,1913.487524416776,0.8606511879289788,0.8714960622707855,0.8830640603878428,0.995869126890755,0.8496671039678546
2022-07-18,161.41437111875416,0.0,2101.825022681762,1912.9278234927542,0.8598741529082108,0.8705349610160603,0.8822044999316744,0.9332966937495473,0.8494185737542349
2022-07-25,138.73967062264882,0.0,2110.0111681570124,1912.3681225687324,0.8589663254737825,0.8697262702771698,0.8809846299861581,0.936931678785959,0.8491700435406153
2022-08-01,355.7810853040205,0.0,2122.4652273427205,1911.8084216447105,0.8579714919700365,0.8686976394196946,0.8796017268596439,0.9424617929183675,0.8489215133269957
2022-08-08,129.82230008025002,0.0,1940.469751239255,1908.6353485888883,0.8573748099143995,0.8676663020041733,0.8782585262738684,0.861648321629489,0.8475125384789153
2022-08-15,149.67752215518462,0.0,1967.431870551871,1905.4622755330663,0.8561130558161719,0.8668376854966211,0.8775401017630202,0.8736206107303384,0.8461035636308349
2022-08-22,408.60474083098376,0.0,2066.8628371392324,1902.289202477244,0.8552604341475257,0.8661533389627234,0.8767578656631905,0.9177720464449548,0.8446945887827546
2022-08-29,327.3960974804957,0.0,2038.9247522019573,1899.1161294214223,0.8539830366700644,0.8655593448532652,0.8761138675023389,0.905366388495187,0.8432856139346744
2022-09-05,169.37156262988424,0.0,1965.4790158108528,1896.7498388613094,0.8533267340345438,0.865200223789607,0.8755158608044372,0.8727534629642318,0.8422348836729391
2022-09-12,418.67194551480577,0.0,2100.5374487928984,1894.9886351729785,0.8535121487338739,0.864959441627421,0.8750340772516931,0.9327249580244193,0.8414528368509627
2022-09-19,158.68588383353034,0.0,1920.8984897924988,1893.2274314846477,0.8533630436600435,0.8647247214709239,0.8748914864743155,0.8529578771806643,0.8406707900289864
2022-09-26,153.9520689650864,0.0,1963.8663094419553,1891.4662277963168,0.85395983213826,0.8648593124024038,0.8752951167254616,0.8720373550552297,0.8398887432070099
2022-10-03,105.0447738948554,0.0,1880.372597618823,1889.0020903792747,0.8545532282495911,0.8653547024246877,0.8757934829425594,0.8349627154670201,0.8387945649193542
2022-10-10,94.50368080806531,1.0,2006.9724354987045,1884.7806186404543,0.8552547049797367,0.8660129835389965,0.8765331484016501,0.8911782466589389,0.8369200579674999
2022-10-17,67.18890075286019,0.0,1890.1856798350673,1880.5591469016338,0.8564439289764709,0.866975104277879,0.8774224612654732,0.839320127282504,0.8350455510156456
2022-10-24,119.35921425529168,0.0,1925.6179143964832,1876.3376751628134,0.8576527535568808,0.8682562699906421,0.8783049898569397,0.8550534956701992,0.8331710440637913
2022-10-31,249.79532295558047,0.0,2004.794159484318,1872.116203423993,0.8593847740276527,0.8697751548625887,0.8792329613745251,0.8902110025827851,0.8312965371119371
2022-11-07,24.44475561592268,0.0,1913.8245676611587,1883.0014605758827,0.8609310510644398,0.8711417614979622,0.8803934982409711,0.8498167650206245,0.8361300386645591
2022-11-14,139.60959753412914,0.0,2005.8886141760677,1896.4045058762238,0.8625408447135732,0.8726979268172433,0.8816834271872729,0.8906969854473175,0.8420815416345938
2022-11-21,59.794877896292675,0.0,2002.1905620435439,1909.8075511765653,0.8641319888171956,0.8741568539973904,0.8831972186068073,0.8890548983128735,0.8480330446046287
2022-11-28,51.39851284632276,0.0,1984.3204714973135,1923.2105964769064,0.8656503550005072,0.8756095252416056,0.8847634948767974,0.8811198436609302,0.8539845475746635
2022-12-05,187.91998746089055,0.0,2104.732893194823,1928.3575905369416,0.8672899231281521,0.8771262765514733,0.8866611175024693,0.9345879077689849,0.856270024475519
2022-12-12,237.58613243884452,0.0,2141.8859130036562,1927.312546166747,0.8684139789682639,0.8784240628019642,0.8882830993482657,0.9510853755297184,0.8558059818244901
2022-12-19,138.48636674222234,0.0,2176.1652605971303,1926.2675017965526,0.8695418231795619,0.879513636826468,0.8897563721152166,0.9663068147207223,0.8553419391734611
2022-12-26,180.97883760778893,0.0,2117.701053826339,1925.222457426358,0.8705281797293549,0.8805956418732206,0.8906767489908062,0.9403463040725764,0.8548778965224323
2023-01-02,176.4741195728556,0.0,2098.3062372737054,1924.0597987452131,0.8713793819051736,0.8815498902881038,0.8924565361449642,0.9317342084085156,0.8543616282834676
2023-01-09,112.37298933591504,0.0,2127.7966964332704,1922.1914541983654,0.872047132945661,0.8821667606099954,0.8930130414719164,0.9448291843145787,0.8535320065168882
2023-01-16,357.96976310053543,0.0,2200.5906878183464,1920.3231096515178,0.8724377971847725,0.8828042317102074,0.8939861540229216,0.9771527082765499,0.8527023847503089
2023-01-23,117.00385785219041,0.0,2126.533319818981,1918.45476510467,0.8731319911276751,0.8831187371415999,0.8944888035228785,0.9442681931738546,0.8518727629837296
2023-01-30,185.82059149309472,0.0,2113.3911374454824,1916.5864205578223,0.8731230917148278,0.883348724657742,0.8944705555866024,0.9384325240646392,0.8510431412171502
2023-02-06,394.94335368331184,0.0,2245.051485261379,1921.3711732319678,0.8732563752271076,0.8834513687465837,0.8947805548234921,0.996895129651906,0.8531677680547789
2023-02-13,326.6450324343432,0.0,2213.889402136132,1928.8171647945105,0.8728195623623419,0.8832817795583701,0.8946782053786796,0.9830578840023926,0.8564740943340908
2023-02-20,243.46898354694133,0.0,2168.3128198659633,1936.263156357053,0.8724821376893709,0.8834664494431175,0.8939197497949368,0.9628200083057374,0.8597804206134028
2023-02-27,158.17040472162626,0.0,2178.363719904012,1943.7091479195956,0.8716640621704146,0.883047097080434,0.8931324230779544,0.9672830210082647,0.8630867468927146
2023-03-06,359.3116191340009,0.0,2224.9266332845623,1938.5249260294972,0.8711187463545881,0.8824235228585462,0.8925326230417702,0.9879588682555137,0.8607847393052707
2023-03-13,412.4646830781628,0.0,2233.536347942971,1928.2886187583426,0.8693949568410286,0.8816549449826601,0.8920875436257333,0.9917819354176733,0.8562393981711246
2023-03-20,208.44072758374196,0.0,2170.253204885442,1918.0523114871883,0.8688483546390319,0.880774466187294,0.8911655841850646,0.9636816190029828,0.8516940570369785
2023-03-27,239.56972698925216,0.0,2081.8750800447133,1907.8160042160337,0.8680900812527075,0.8797691739676434,0.8901512307851318,0.9244380992886752,0.8471487159028324
2023-04-03,98.32518473848413,0.0,2016.5441737514786,1900.6208470302552,0.867036028554518,0.8782772520293998,0.8893959028550428,0.8954284918355578,0.843953770395938
2023-04-10,71.56418599161915,0.0,2055.047770650442,1901.0285650579165,0.8665642026211136,0.8771068804992289,0.887835014787819,0.9125256713321733,0.8441348139571726
2023-04-17,375.8664562428786,0.0,2201.0062157681377,1901.4362830855775,0.8647795745352352,0.8755735330422134,0.88601558874756,0.9773372197641931,0.8443158575184072
2023-04-24,20.232340008573527,0.0,2051.6460891261568,1901.844001113239,0.8636355272124646,0.8741800794831376,0.8845463614182945,0.9110151849284318,0.8444969010796419
2023-05-01,378.4776711727546,0.0,2240.7864190373257,1902.2517191409004,0.8625904437641659,0.8726969822880597,0.8831600998271147,0.9950012649569024,0.8446779446408765
2023-05-08,77.90887477122664,0.0,2130.1702084314556,1903.4588789682816,0.8611382138456095,0.8712193260582991,0.8816085702820373,0.9458831211916147,0.8452139732177391
2023-05-15,16.181330364735842,0.0,1996.835389729228,1904.6660387956633,0.8601103189387866,0.8697576027064726,0.8803146233214239,0.8866769817111227,0.8457500017946018
2023-05-22,268.5012486748512,0.0,2165.5344287956873,1905.8731986230446,0.8580086472554534,0.8682282243680365,0.8786442605634842,0.9615862884804195,0.8462860303714643
2023-05-29,172.11245119752175,0.0,2123.2186715153375,1907.0803584504263,0.856283037855821,0.8664757145763724,0.8770429030149633,0.9427963530970884,0.8468220589483271
2023-06-05,116.85837032660902,0.0,2033.4750434182492,1907.5031729712853,0.8547434246749851,0.8648085798544816,0.875626662077672,0.9029464938156371,0.8470098059729979
2023-06-12,149.89141830806173,0.0,2074.845516136423,1907.3377285122524,0.8527215692192762,0.8632666369024004,0.8739485797772468,0.9213166840027646,0.8469363418335246
2023-06-19,188.8123157517673,0.0,2094.0481829141627,1907.1722840532198,0.8510753023094488,0.8617229656898044,0.8722784939941791,0.9298434572695381,0.8468628776940516
2023-06-26,204.89354063662256,0.0,2125.8599133524544,1907.0068395941867,0.8488475830574373,0.8601820871306489,0.8706191435437306,0.943969173026137,0.8467894135545783
2023-07-03,108.38837088174827,0.0,2058.9667780874024,1904.0905075586777,0.8471963650999166,0.8584631267100319,0.8690491880368217,0.9142658717029102,0.8454944422714105
2023-07-10,185.23051796620734,0.0,2053.021678807248,1894.296956581978,0.8456428633520332,0.8568043298548706,0.8674244255511827,0.911626003282702,0.8411457031290059
2023-07-17,221.09396053206683,0.0,2132.4835945867235,1884.5034056052784,0.8439484267107433,0.8550210863320752,0.865311624096713,0.9469103597232611,0.8367969639866014
2023-07-24,196.3797411454206,0.0,1997.4213643756511,1874.7098546285788,0.8424049779850211,0.8534165045981175,0.8631657206817512,0.8869371785373219,0.8324482248441969
2023-07-31,198.88195178771522,0.0,2049.114919384948,1864.9163036518794,0.8405581772154802,0.8516721389884346,0.861347100484091,0.9098912415338599,0.8280994857017925
2023-08-07,224.06817351752954,0.0,2036.4488030806651,1856.7242373947006,0.8387314748636031,0.8500511883656945,0.8594952274367992,0.9042669653253906,0.8244618715948642
2023-08-14,306.5629922632911,0.0,2010.860306649377,1848.799085257442,0.8375305209554138,0.8480971287335876,0.8575542873725757,0.8929046212388824,0.8209427783271818
2023-08-21,242.20118397984572,0.0,2045.6628704904326,1840.8739331201834,0.836021750957106,0.8463324481952528,0.8557908126593776,0.9083583899476693,0.8174236850594996
2023-08-28,235.4073722181592,0.0,1933.599055166121,1832.9487809829245,0.8344055770999853,0.8447115819774229,0.8543161149605,0.8585974501917552,0.8139045917918171
2023-09-04,205.4943706173255,0.0,1972.7102947630763,1828.216942135794,0.8327153517947521,0.8434016774363848,0.8528454534106149,0.8759644480200095,0.8118034608681078
2023-09-11,109.60424855524464,0.0,1899.5258737635509,1827.7428543421665,0.8313841846818716,0.8418319884080484,0.8515252193703563,0.8434675572628126,0.8115929464030288
2023-09-18,173.844299487103,0.0,1851.2370713899168,1827.2687665485391,0.8304600060512686,0.840542026308742,0.8503056563224993,0.8220253443696884,0.8113824319379499
2023-09-25,78.94854251561517,0.0,1818.0347639855304,1826.7946787549117,0.8286892390194471,0.8394779734057854,0.8493405569489149,0.8072821552883099,0.8111719174728709
2023-10-02,231.17657528424047,0.0,1864.871009512975,1826.808524665264,0.8278614745658307,0.8383957781474226,0.848574782947976,0.8280793732425585,0.8111780656261255
2023-10-09,90.2529774936572,0.0,1828.4132040837912,1829.749972799493,0.8269744410207386,0.8377650287572844,0.8480001547653424,0.8118906092392605,0.8124841894893807
2023-10-16,288.5002376266224,0.0,1911.3995130158883,1832.6914209337222,0.8269198346570374,0.8376571774342718,0.8476229052414395,0.8487399410899127,0.8137903133526361
2023-10-23,176.14170683673964,0.0,1938.3384144833171,1835.632869067951,0.8267044465901584,0.8375910231285043,0.8477656353705206,0.8607019205132602,0.8150964372158913
2023-10-30,57.31476432714205,0.0,1857.0236002238778,1838.57431720218,0.8265832393766295,0.8380014884301279,0.8480674323366129,0.8245948009946418,0.8164025610791465
2023-11-06,167.57444836227066,0.0,1893.0597510199968,1840.386851476066,0.8265030203025783,0.8382306246645702,0.848786613481377,0.8405963330111204,0.817207400790764
2023-11-13,279.3060536564483,0.0,2036.4795141828677,1841.7478202058144,0.8268287244033811,0.8386625672749188,0.8489860003713247,0.9042806023169755,0.8178117268417261
2023-11-20,303.3422794888764,0.0,2037.8333183588725,1843.1087889355629,0.827467606487951,0.8391653262984708,0.84928724048974,0.9048817470116168,0.8184160528926883
2023-11-27,180.22018060112927,0.0,1975.5142420588734,1844.4697576653111,0.8286169412519144,0.8397737522430007,0.8501171418260419,0.8772095158598036,0.8190203789436504
2023-12-04,94.45239309879318,0.0,1977.6958133089056,1842.357639112025,0.8292983041557707,0.8406632620369131,0.8507602363853295,0.8781782231560162,0.8180825114992549
2023-12-11,125.39673753997653,0.0,1995.9330032675716,1835.6147375146923,0.8298315978988192,0.8413869411857196,0.8520330249196901,0.8862762850346346,0.8150883860610489
2023-12-18,502.3714355287864,1.0,2240.923360402279,1828.8718359173595,0.8310543584993503,0.8421273591543312,0.8525833040882727,0.9950620725511451,0.8120942606228431
2023-12-25,143.7834645595256,0.0,1967.663451458229,1822.1289343200267,0.8314508049631096,0.842732488459428,0.8534334146630052,0.8737234421705901,0.8091001351846371
2024-01-01,66.83100574719013,0.0,2009.0945250825266,1815.3860327226942,0.8324311860640651,0.8431128895536942,0.8540191903440859,0.8921205416506954,0.8061060097464313
2024-01-08,273.3049177192096,0.0,2162.237860941663,1812.2308107974366,0.8329249910571497,0.8435050922041305,0.8548499379542098,0.9601224768663792,0.8047049615339917
2024-01-15,218.2378345579068,0.0,2052.447402071517,1809.075588872179,0.833301517754474,0.8442290570047639,0.854997725301068,0.911371000809627,0.8033039133215523
2024-01-22,263.0308040383326,0.0,2078.504699196101,1805.9203669469214,0.8342548967315021,0.8447265331820342,0.8555940312710559,0.9229415116713704,0.8019028651091127
2024-01-29,189.46656166729605,0.0,2110.70299572042,1802.765145021664,0.8344112290213391,0.845053017792522,0.8559647749720438,0.9372388786577871,0.8005018168966732
2024-02-05,224.3160582415362,0.0,2070.053014614175,1799.3130863637132,0.8346881704106858,0.845121409410263,0.8561251465027243,0.9191886163581054,0.7989689609751159
2024-02-12,157.42276052725703,0.0,2039.9705538848957,1795.6384001562426,0.8349085517258125,0.8453315327827229,0.8560791548223085,0.9058307674241993,0.7973372492717204
2024-02-19,160.70738381519652,0.0,2061.14810428835,1791.9637139487716,0.8345644495835922,0.8451760062357503,0.8559928140269057,0.915234470187258,0.7957055375683247
2024-02-26,182.48253174273935,0.0,2011.003813462619,1788.289027741301,0.8347988974470167,0.8449498504830995,0.8560745391504253,0.8929683441620011,0.7940738258649293
2024-03-04,252.169284040076,0.0,2060.600246622435,1789.0128463269934,0.8343525575445906,0.8448296324335074,0.8558610953137967,0.9149911988669881,0.7943952310654626
2024-03-11,261.1049640334394,0.0,2047.0741054247271,1795.6013379702374,0.8343438682067336,0.8447664470116554,0.855176320146216,0.9089850362593591,0.7973207921379017
2024-03-18,109.40862985689955,0.0,2063.928631166334,1802.1898296134814,0.8343132412345475,0.8443518961622484,0.8545764525848762,0.9164691383989786,0.8002463532103408
2024-03-25,101.80217458369492,0.0,1974.1804634512214,1808.7783212567253,0.83378930696454,0.8438877394720332,0.8543769205150099,0.876617263340549,0.8031719142827799
2024-04-01,184.13178543061161,0.0,2089.456624979636,1815.3668128999693,0.8337423444312172,0.8434752230074583,0.8539304335429199,0.9278046168364819,0.8060974753552189
2024-04-08,198.51264087783653,0.0,2063.1909910244226,1818.7213101810771,0.8331890269168706,0.843124219991653,0.8531810989258158,0.9161415958594267,0.8075870100157471
2024-04-15,64.7789811061032,0.0,2013.1477781640783,1822.075807462185,0.8327119418713275,0.8426003518603167,0.8527528203483749,0.893920352605042,0.8090765446762751
2024-04-22,248.16366212326662,0.0,2065.7912022852174,1825.430304743293,0.8323121206381405,0.8420491413053429,0.8522714195360535,0.9172961965262576,0.8105660793368034
2024-04-29,37.8948476451937,0.0,1979.4467595941435,1828.7848020244007,0.8319542598490559,0.8416797787581398,0.851708191542991,0.8789557152694465,0.8120556139973314
2024-05-06,125.60434445687255,0.0,2000.3864262502198,1824.0321967697776,0.8311781074356668,0.841144051484991,0.8511952818371349,0.8882537878717978,0.8099452619352092
2024-05-13,125.74304490225673,0.0,2009.363272854305,1816.0367505008614,0.8308562882224959,0.8408353300609963,0.8506598211583355,0.8922398767067284,0.8063949551840266
2024-05-20,379.61119530032533,0.0,2159.7005008437345,1808.0413042319456,0.8302767962623948,0.8403668460897131,0.8506588059072536,0.9589957846990042,0.8028446484328441
2024-05-27,53.67235533992251,0.0,1950.5317269690156,1800.0458579630297,0.8290897468109409,0.8400658645925989,0.8500634430089155,0.8661162523943401,0.7992943416816617
2024-06-03,150.0136951572101,0.0,2067.537259602749,1798.8573629827526,0.8285805347773624,0.8399785331445921,0.8502807482609208,0.9180715177370928,0.7987666010640267
2024-06-10,52.40028476738347,0.0,1948.7474710313743,1814.6862462240729,0.8282293687762501,0.8400494147320084,0.8503586346143404,0.865323969426237,0.805795275780261
2024-06-17,112.64873444500559,0.0,2029.4861123229582,1830.5151294653929,0.8281405321151101,0.8401494623285759,0.8507123257391532,0.9011752444667832,0.8128239504964951
2024-06-24,107.63528923332481,0.0,2013.8861938334865,1846.3440127067129,0.8285310293004339,0.8406269423568042,0.8508383302517067,0.8942482395106761,0.8198526252127294
2024-07-01,277.3336418054818,0.0,2116.0322978570175,1862.1728959480329,0.8290900761137167,0.8410617162417319,0.8514489544473842,0.9396053078373829,0.8268812999289635
2024-07-08,420.6846334720851,0.0,2146.0935875249647,1861.4528084167112,0.8298499753289751,0.8416417634076085,0.8523423889520426,0.9529537559499405,0.8265615514699146
2024-07-15,270.7121627930753,0.0,1987.618701755683,1860.7327208853897,0.8307714590151095,0.8424045781708279,0.8534707715699891,0.8825843934508235,0.8262418030108659
2024-07-22,274.38552758860396,0.0,2133.3845316527963,1860.012633354068,0.8318100906638436,0.843495402093086,0.8542442080556025,0.947310412808541,0.825922054551817
2024-07-29,215.33691321709176,0.0,1978.748494690659,1859.2925458227467,0.8331008157221098,0.8444610937298843,0.8555903349111388,0.8786456569540536,0.8256023060927683
2024-08-05,232.41761620588596,0.0,1963.1700770592777,1860.131513358541,0.8341388167414967,0.8455597831753586,0.8564036494981792,0.8717281992626104,0.8259748421596961
2024-08-12,392.2361791601795,0.0,2064.691245140274,1862.1397721946728,0.8354311790558312,0.8467640085440771,0.857852698492333,0.9168077703463599,0.8268665916211063
2024-08-19,389.52464016558065,0.0,2072.4939377487035,1864.1480310308045,0.8367350658023842,0.8480272174528012,0.858693072432482,0.9202724865502329,0.8277583410825166
2024-08-26,282.69697189992075,0.0,1951.5180115964959,1866.1562898669365,0.838631920996324,0.8491019495651232,0.8601876816846793,0.8665542033046156,0.8286500905439269
2024-09-02,243.8878887547603,0.0,2012.8274110527384,1868.1090000702002,0.8396571127670879,0.8501925011766012,0.8608159645366518,0.8937780964407215,0.8295171741293301
2024-09-09,159.78978163941295,0.0,1982.542218446073,1869.728418476254,0.8407221383537612,0.8511900813205812,0.8620910504731569,0.8803302262211039,0.8302362624586901
2024-09-16,430.05629518826197,0.0,2044.5858528452366,1871.347836882308,0.8417622601291223,0.8522187875187927,0.8630290966512963,0.9078801498484583,0.83095535078805
2024-09-23,282.98709750188164,0.0,2032.6188851301758,1872.967255288362,0.8424447379158878,0.8529028907647451,0.8640678813611712,0.9025663243481684,0.8316744391174101
2024-09-30,100.31502966313313,0.0,1857.638191833594,1874.5866736944158,0.84323093475185,0.8534345064650809,0.8641684809379087,0.8248677049286821,0.8323935274467701
2024-10-07,138.48464316358326,0.0,1908.8411763580186,1874.8969547561528,0.8439535833158686,0.8538656872233927,0.8642493490396106,0.8476039344678002,0.8325313049905366
2024-10-14,140.1507565511515,0.0,1940.0970670044085,1874.9890462605038,0.8443946014215289,0.854178578195461,0.8648337218728177,0.8614828345121308,0.8325721974033711
2024-10-21,31.623288466927814,0.0,1864.5252821015893,1875.081137764855,0.8446037531373325,0.8546282836167873,0.8650492132207884,0.8279258560627254,0.8326130898162055
2024-10-28,166.03231739379078,0.0,1939.8858525648361,1875.1732292692056,0.8445335799595625,0.8546244364982609,0.865038095455167,0.8613890466201809,0.8326539822290399
2024-11-04,91.48995367659327,0.0,1962.2034804490472,1871.0888369644144,0.8441587730065144,0.8546359833471928,0.8651860710248285,0.8712989906411588,0.8308403441797726
2024-11-11,247.2091814089908,0.0,1990.3486222481915,1861.435799580767,0.8432190110843555,0.8544510005386705,0.8656531263278745,0.8837965903475026,0.8265539988477031
2024-11-18,78.71063065173122,0.0,1931.9565456555295,1851.7827621971194,0.8421913513699636,0.8542919633890077,0.8662193644959321,0.8578681084629507,0.8222676535156334
2024-11-25,232.6588891377545,0.0,2012.353718518089,1842.129724813472,0.8405570535891678,0.8542123200588811,0.8663848287073674,0.8935677574868736,0.8179813081835638
